年,月份,集团id,集团名称,销量,页码,dt
2021,1,39,上汽,536259,1,20230112
2021,1,44,一汽,340099,1,20230112
2021,1,9,东风,296875,1,20230112
2021,1,16,广汽,204118,1,20230112
2021,1,6,长安,198906,1,20230112
2021,1,21,吉利,171598,1,20230112
2021,1,3,北汽,144404,1,20230112
2021,1,7,长城,124095,1,20230112
2021,1,17,华晨,77314,1,20230112
2021,1,31,奇瑞,74207,1,20230112
2021,1,5,比亚迪,50933,1,20230112
2021,1,2,宝马,24525,1,20230112
2021,1,13,丰田,22902,1,20230112
2021,1,11,大众,19288,1,20230112
2021,1,90,特斯拉,16764,1,20230112
2021,1,10,戴姆勒,16691,1,20230112
2021,1,20,江淮,8267,1,20230112
2021,1,332,蔚来汽车,7194,1,20230112
2021,1,352,小鹏汽车,5569,1,20230112
2021,1,40,塔塔,5285,1,20230112
2021,1,693,理想,4972,2,20230112
2021,1,12,福汽,4273,2,20230112
2021,1,22,江铃,3486,2,20230112
2021,1,412,威马,2326,2,20230112
2021,1,312,合众汽车,1896,2,20230112
2021,1,14,福特,1851,2,20230112
2021,1,33,斯巴鲁,1660,2,20230112
2021,1,653,零跑汽车,1564,2,20230112
2021,1,23,克莱斯勒,1343,2,20230112
2021,1,50,中国重汽,919,2,20230112
2021,1,18,海马,832,2,20230112
2021,1,15,菲亚特,789,2,20230112
2021,1,121,四川汽车,634,2,20230112
2021,1,833,国机智骏,609,2,20230112
2021,1,753,爱驰汽车,232,2,20230112
2021,1,32,日产,212,2,20230112
2021,1,43,现代,200,2,20230112
2021,1,1093,吉麦汽车,190,2,20230112
2021,1,1013,大运汽车,184,2,20230112
2021,1,130,汉腾汽车,137,2,20230112
2021,1,112,Prodrive,103,3,20230112
2021,1,633,金康,93,3,20230112
2021,1,45,众泰,90,3,20230112
2021,1,1073,开沃汽车,82,3,20230112
2021,1,292,电咖汽车,70,3,20230112
2021,1,1113,宝能,66,3,20230112
2021,1,38,三菱,55,3,20230112
2021,1,8,长丰,49,3,20230112
2021,1,893,速达电动车,37,3,20230112
2021,1,533,大乘汽车,19,3,20230112
2021,1,110,迈凯伦,17,3,20230112
2021,1,933,雷丁汽车,16,3,20230112
2021,1,513,新特汽车,9,3,20230112
2021,1,115,航天科工,4,3,20230112
2021,1,210,九龙汽车,3,3,20230112
2021,1,232,御捷,3,3,20230112
2021,1,19,华泰,2,3,20230112
2021,1,30,青年,2,3,20230112
2021,1,593,湖南恒润,2,3,20230112
2021,1,25,铃木,1,3,20230112
2021,2,39,上汽,305863,1,20230112
2021,2,44,一汽,189320,1,20230112
2021,2,9,东风,154277,1,20230112
2021,2,6,长安,107890,1,20230112
2021,2,16,广汽,105393,1,20230112
2021,2,21,吉利,100894,1,20230112
2021,2,3,北汽,72499,1,20230112
2021,2,7,长城,68525,1,20230112
2021,2,17,华晨,41425,1,20230112
2021,2,31,奇瑞,41035,1,20230112
2021,2,5,比亚迪,24377,1,20230112
2021,2,90,特斯拉,18156,1,20230112
2021,2,13,丰田,16113,1,20230112
2021,2,2,宝马,12325,1,20230112
2021,2,11,大众,10016,1,20230112
2021,2,10,戴姆勒,9611,1,20230112
2021,2,332,蔚来汽车,5739,1,20230112
2021,2,20,江淮,5314,1,20230112
2021,2,40,塔塔,2544,1,20230112
2021,2,352,小鹏汽车,2345,1,20230112
2021,2,693,理想,2291,2,20230112
2021,2,12,福汽,2059,2,20230112
2021,2,22,江铃,1858,2,20230112
2021,2,33,斯巴鲁,864,2,20230112
2021,2,412,威马,808,2,20230112
2021,2,14,福特,767,2,20230112
2021,2,312,合众汽车,704,2,20230112
2021,2,23,克莱斯勒,700,2,20230112
2021,2,18,海马,655,2,20230112
2021,2,653,零跑汽车,581,2,20230112
2021,2,50,中国重汽,522,2,20230112
2021,2,15,菲亚特,433,2,20230112
2021,2,121,四川汽车,367,2,20230112
2021,2,833,国机智骏,154,2,20230112
2021,2,1093,吉麦汽车,115,2,20230112
2021,2,1013,大运汽车,96,2,20230112
2021,2,32,日产,74,2,20230112
2021,2,43,现代,69,2,20230112
2021,2,633,金康,62,2,20230112
2021,2,753,爱驰汽车,57,2,20230112
2021,2,130,汉腾汽车,52,3,20230112
2021,2,1073,开沃汽车,48,3,20230112
2021,2,292,电咖汽车,34,3,20230112
2021,2,1113,宝能,31,3,20230112
2021,2,45,众泰,30,3,20230112
2021,2,112,Prodrive,25,3,20230112
2021,2,953,华人运通,24,3,20230112
2021,2,8,长丰,15,3,20230112
2021,2,933,雷丁汽车,15,3,20230112
2021,2,110,迈凯伦,11,3,20230112
2021,2,513,新特汽车,11,3,20230112
2021,2,210,九龙汽车,8,3,20230112
2021,2,893,速达电动车,8,3,20230112
2021,2,533,大乘汽车,7,3,20230112
2021,2,38,三菱,5,3,20230112
2021,2,111,宝腾,2,3,20230112
2021,3,39,上汽,388732,1,20230112
2021,3,44,一汽,297177,1,20230112
2021,3,9,东风,208897,1,20230112
2021,3,16,广汽,166989,1,20230112
2021,3,6,长安,124753,1,20230112
2021,3,21,吉利,104797,1,20230112
2021,3,3,北汽,95012,1,20230112
2021,3,7,长城,78967,1,20230112
2021,3,17,华晨,69007,1,20230112
2021,3,31,奇瑞,44857,1,20230112
2021,3,90,特斯拉,34713,1,20230112
2021,3,5,比亚迪,32623,1,20230112
2021,3,13,丰田,27418,1,20230112
2021,3,11,大众,17914,1,20230112
2021,3,2,宝马,17400,1,20230112
2021,3,10,戴姆勒,15397,1,20230112
2021,3,332,蔚来汽车,6911,1,20230112
2021,3,20,江淮,6522,1,20230112
2021,3,693,理想,5058,1,20230112
2021,3,352,小鹏汽车,4748,1,20230112
2021,3,40,塔塔,3874,2,20230112
2021,3,12,福汽,3611,2,20230112
2021,3,312,合众汽车,2421,2,20230112
2021,3,653,零跑汽车,2033,2,20230112
2021,3,22,江铃,2023,2,20230112
2021,3,412,威马,1767,2,20230112
2021,3,33,斯巴鲁,1525,2,20230112
2021,3,23,克莱斯勒,1106,2,20230112
2021,3,14,福特,1086,2,20230112
2021,3,18,海马,893,2,20230112
2021,3,15,菲亚特,722,2,20230112
2021,3,50,中国重汽,429,2,20230112
2021,3,121,四川汽车,380,2,20230112
2021,3,833,国机智骏,284,2,20230112
2021,3,1093,吉麦汽车,204,2,20230112
2021,3,753,爱驰汽车,184,2,20230112
2021,3,513,新特汽车,160,2,20230112
2021,3,43,现代,128,2,20230112
2021,3,292,电咖汽车,124,2,20230112
2021,3,32,日产,99,2,20230112
2021,3,1013,大运汽车,97,3,20230112
2021,3,633,金康,84,3,20230112
2021,3,1073,开沃汽车,76,3,20230112
2021,3,112,Prodrive,63,3,20230112
2021,3,45,众泰,38,3,20230112
2021,3,933,雷丁汽车,30,3,20230112
2021,3,130,汉腾汽车,24,3,20230112
2021,3,210,九龙汽车,22,3,20230112
2021,3,893,速达电动车,17,3,20230112
2021,3,110,迈凯伦,13,3,20230112
2021,3,1113,宝能,11,3,20230112
2021,3,953,华人运通,10,3,20230112
2021,3,8,长丰,8,3,20230112
2021,3,38,三菱,4,3,20230112
2021,3,533,大乘汽车,4,3,20230112
2021,3,111,宝腾,2,3,20230112
2021,3,392,长城华冠,1,3,20230112
2021,4,39,上汽,355957,1,20230112
2021,4,44,一汽,260835,1,20230112
2021,4,9,东风,194035,1,20230112
2021,4,16,广汽,169084,1,20230112
2021,4,6,长安,124064,1,20230112
2021,4,3,北汽,101724,1,20230112
2021,4,21,吉利,100817,1,20230112
2021,4,7,长城,77028,1,20230112
2021,4,17,华晨,64839,1,20230112
2021,4,31,奇瑞,42898,1,20230112
2021,4,5,比亚迪,37954,1,20230112
2021,4,13,丰田,25553,1,20230112
2021,4,11,大众,18728,1,20230112
2021,4,2,宝马,16116,1,20230112
2021,4,10,戴姆勒,14868,1,20230112
2021,4,90,特斯拉,11967,1,20230112
2021,4,332,蔚来汽车,7404,1,20230112
2021,4,20,江淮,6936,1,20230112
2021,4,693,理想,5522,1,20230112
2021,4,352,小鹏汽车,4960,1,20230112
2021,4,12,福汽,3844,2,20230112
2021,4,40,塔塔,3734,2,20230112
2021,4,653,零跑汽车,2940,2,20230112
2021,4,312,合众汽车,2919,2,20230112
2021,4,412,威马,2223,2,20230112
2021,4,22,江铃,1925,2,20230112
2021,4,33,斯巴鲁,1717,2,20230112
2021,4,14,福特,1288,2,20230112
2021,4,23,克莱斯勒,985,2,20230112
2021,4,18,海马,851,2,20230112
2021,4,15,菲亚特,765,2,20230112
2021,4,50,中国重汽,436,2,20230112
2021,4,121,四川汽车,428,2,20230112
2021,4,1093,吉麦汽车,256,2,20230112
2021,4,833,国机智骏,230,2,20230112
2021,4,292,电咖汽车,211,2,20230112
2021,4,753,爱驰汽车,196,2,20230112
2021,4,633,金康,154,2,20230112
2021,4,43,现代,116,2,20230112
2021,4,953,华人运通,91,2,20230112
2021,4,1073,开沃汽车,83,3,20230112
2021,4,1013,大运汽车,82,3,20230112
2021,4,112,Prodrive,67,3,20230112
2021,4,32,日产,62,3,20230112
2021,4,1113,宝能,34,3,20230112
2021,4,45,众泰,26,3,20230112
2021,4,130,汉腾汽车,26,3,20230112
2021,4,110,迈凯伦,22,3,20230112
2021,4,933,雷丁汽车,21,3,20230112
2021,4,8,长丰,20,3,20230112
2021,4,533,大乘汽车,13,3,20230112
2021,4,38,三菱,12,3,20230112
2021,4,210,九龙汽车,11,3,20230112
2021,4,893,速达电动车,9,3,20230112
2021,4,111,宝腾,6,3,20230112
2021,4,593,湖南恒润,6,3,20230112
2021,4,232,御捷,4,3,20230112
2021,4,513,新特汽车,4,3,20230112
2021,4,115,航天科工,1,3,20230112
2021,5,39,上汽,365117,1,20230112
2021,5,44,一汽,264164,1,20230112
2021,5,9,东风,197715,1,20230112
2021,5,16,广汽,177806,1,20230112
2021,5,6,长安,128680,1,20230112
2021,5,21,吉利,109421,1,20230112
2021,5,3,北汽,96934,1,20230112
2021,5,7,长城,73868,1,20230112
2021,5,17,华晨,66214,1,20230112
2021,5,31,奇瑞,45922,1,20230112
2021,5,5,比亚迪,40588,1,20230112
2021,5,90,特斯拉,22122,1,20230112
2021,5,13,丰田,20836,1,20230112
2021,5,11,大众,16815,1,20230112
2021,5,2,宝马,16676,1,20230112
2021,5,10,戴姆勒,15246,1,20230112
2021,5,20,江淮,7290,1,20230112
2021,5,332,蔚来汽车,6078,1,20230112
2021,5,352,小鹏汽车,5737,1,20230112
2021,5,693,理想,4844,1,20230112
2021,5,312,合众汽车,4501,2,20230112
2021,5,12,福汽,3893,2,20230112
2021,5,40,塔塔,3760,2,20230112
2021,5,22,江铃,3001,2,20230112
2021,5,653,零跑汽车,2758,2,20230112
2021,5,412,威马,2552,2,20230112
2021,5,33,斯巴鲁,1619,2,20230112
2021,5,14,福特,1093,2,20230112
2021,5,18,海马,836,2,20230112
2021,5,23,克莱斯勒,803,2,20230112
2021,5,15,菲亚特,670,2,20230112
2021,5,50,中国重汽,473,2,20230112
2021,5,833,国机智骏,453,2,20230112
2021,5,1093,吉麦汽车,447,2,20230112
2021,5,121,四川汽车,355,2,20230112
2021,5,292,电咖汽车,178,2,20230112
2021,5,933,雷丁汽车,145,2,20230112
2021,5,753,爱驰汽车,125,2,20230112
2021,5,43,现代,113,2,20230112
2021,5,633,金康,110,2,20230112
2021,5,1013,大运汽车,95,3,20230112
2021,5,953,华人运通,72,3,20230112
2021,5,32,日产,70,3,20230112
2021,5,112,Prodrive,68,3,20230112
2021,5,232,御捷,54,3,20230112
2021,5,513,新特汽车,52,3,20230112
2021,5,1073,开沃汽车,46,3,20230112
2021,5,45,众泰,38,3,20230112
2021,5,1113,宝能,26,3,20230112
2021,5,130,汉腾汽车,22,3,20230112
2021,5,110,迈凯伦,15,3,20230112
2021,5,8,长丰,9,3,20230112
2021,5,533,大乘汽车,8,3,20230112
2021,5,38,三菱,5,3,20230112
2021,5,593,湖南恒润,5,3,20230112
2021,5,210,九龙汽车,4,3,20230112
2021,5,893,速达电动车,2,3,20230112
2021,5,111,宝腾,1,3,20230112
2021,6,39,上汽,368184,1,20230112
2021,6,44,一汽,249615,1,20230112
2021,6,9,东风,192919,1,20230112
2021,6,16,广汽,171587,1,20230112
2021,6,6,长安,121357,1,20230112
2021,6,21,吉利,116139,1,20230112
2021,6,3,北汽,88607,1,20230112
2021,6,7,长城,72770,1,20230112
2021,6,17,华晨,66340,1,20230112
2021,6,5,比亚迪,51163,1,20230112
2021,6,31,奇瑞,47126,1,20230112
2021,6,90,特斯拉,28530,1,20230112
2021,6,13,丰田,22949,1,20230112
2021,6,11,大众,18609,1,20230112
2021,6,2,宝马,18481,1,20230112
2021,6,10,戴姆勒,17369,1,20230112
2021,6,693,理想,7827,1,20230112
2021,6,332,蔚来汽车,7777,1,20230112
2021,6,20,江淮,7641,1,20230112
2021,6,352,小鹏汽车,6639,1,20230112
2021,6,312,合众汽车,4583,2,20230112
2021,6,40,塔塔,4243,2,20230112
2021,6,653,零跑汽车,3911,2,20230112
2021,6,12,福汽,3855,2,20230112
2021,6,412,威马,3719,2,20230112
2021,6,22,江铃,3649,2,20230112
2021,6,33,斯巴鲁,1455,2,20230112
2021,6,14,福特,1008,2,20230112
2021,6,23,克莱斯勒,951,2,20230112
2021,6,18,海马,860,2,20230112
2021,6,15,菲亚特,634,2,20230112
2021,6,1093,吉麦汽车,511,2,20230112
2021,6,633,金康,455,2,20230112
2021,6,50,中国重汽,408,2,20230112
2021,6,121,四川汽车,368,2,20230112
2021,6,933,雷丁汽车,324,2,20230112
2021,6,953,华人运通,316,2,20230112
2021,6,292,天际汽车,187,2,20230112
2021,6,753,爱驰汽车,173,2,20230112
2021,6,833,国机智骏,156,2,20230112
2021,6,1013,大运汽车,110,3,20230112
2021,6,43,现代,108,3,20230112
2021,6,232,御捷,93,3,20230112
2021,6,112,Prodrive,74,3,20230112
2021,6,32,日产,69,3,20230112
2021,6,1073,开沃汽车,60,3,20230112
2021,6,533,大乘汽车,45,3,20230112
2021,6,8,长丰,31,3,20230112
2021,6,110,迈凯伦,29,3,20230112
2021,6,45,众泰,26,3,20230112
2021,6,1113,宝能,24,3,20230112
2021,6,130,汉腾汽车,18,3,20230112
2021,6,893,速达电动车,17,3,20230112
2021,6,210,九龙汽车,10,3,20230112
2021,6,593,湖南恒润,8,3,20230112
2021,6,513,新特汽车,6,3,20230112
2021,6,38,三菱,3,3,20230112
2021,6,1033,比德文汽车,3,3,20230112
2021,6,30,青年,2,3,20230112
2021,6,111,宝腾,1,3,20230112
2021,7,39,上汽,327627,1,20230112
2021,7,44,一汽,229771,1,20230112
2021,7,9,东风,201676,1,20230112
2021,7,16,广汽,185075,1,20230112
2021,7,6,长安,129317,1,20230112
2021,7,21,吉利,116245,1,20230112
2021,7,3,北汽,81209,1,20230112
2021,7,7,长城,77009,1,20230112
2021,7,5,比亚迪,57828,1,20230112
2021,7,17,华晨,56115,1,20230112
2021,7,31,奇瑞,50137,1,20230112
2021,7,13,丰田,25376,1,20230112
2021,7,2,宝马,18173,1,20230112
2021,7,10,戴姆勒,17092,1,20230112
2021,7,11,大众,16252,1,20230112
2021,7,90,特斯拉,9012,1,20230112
2021,7,693,理想,8823,1,20230112
2021,7,20,江淮,8468,1,20230112
2021,7,332,蔚来汽车,8052,1,20230112
2021,7,352,小鹏汽车,7732,1,20230112
2021,7,312,合众汽车,6253,2,20230112
2021,7,653,零跑汽车,4361,2,20230112
2021,7,40,塔塔,4204,2,20230112
2021,7,412,威马,4141,2,20230112
2021,7,12,福汽,3388,2,20230112
2021,7,22,江铃,3275,2,20230112
2021,7,33,斯巴鲁,1538,2,20230112
2021,7,23,克莱斯勒,1212,2,20230112
2021,7,14,福特,889,2,20230112
2021,7,15,菲亚特,852,2,20230112
2021,7,18,海马,718,2,20230112
2021,7,933,雷丁汽车,590,2,20230112
2021,7,1093,吉麦汽车,548,2,20230112
2021,7,633,金康,507,2,20230112
2021,7,50,中国重汽,490,2,20230112
2021,7,953,华人运通,428,2,20230112
2021,7,121,四川汽车,340,2,20230112
2021,7,32,日产,284,2,20230112
2021,7,292,天际汽车,165,2,20230112
2021,7,753,爱驰汽车,154,2,20230112
2021,7,232,御捷,134,3,20230112
2021,7,833,国机智骏,124,3,20230112
2021,7,43,现代,103,3,20230112
2021,7,1073,开沃汽车,98,3,20230112
2021,7,112,Prodrive,73,3,20230112
2021,7,1013,大运汽车,42,3,20230112
2021,7,1113,宝能,31,3,20230112
2021,7,893,速达电动车,29,3,20230112
2021,7,110,迈凯伦,27,3,20230112
2021,7,533,大乘汽车,26,3,20230112
2021,7,130,汉腾汽车,19,3,20230112
2021,7,45,众泰,16,3,20230112
2021,7,593,湖南恒润,15,3,20230112
2021,7,513,新特汽车,14,3,20230112
2021,7,210,九龙汽车,8,3,20230112
2021,7,8,长丰,5,3,20230112
2021,7,38,三菱,4,3,20230112
2021,7,111,宝腾,4,3,20230112
2021,7,30,青年,1,3,20230112
2021,7,993,乐唯电动汽车,1,3,20230112
2021,8,39,上汽,325314,1,20230112
2021,8,44,一汽,231111,1,20230112
2021,8,9,东风,178729,1,20230112
2021,8,16,广汽,163528,1,20230112
2021,8,21,吉利,123489,1,20230112
2021,8,6,长安,121888,1,20230112
2021,8,3,北汽,78317,1,20230112
2021,8,7,长城,75607,1,20230112
2021,8,5,比亚迪,65165,1,20230112
2021,8,17,华晨,60287,1,20230112
2021,8,31,奇瑞,53896,1,20230112
2021,8,13,丰田,22697,1,20230112
2021,8,10,戴姆勒,16299,1,20230112
2021,8,2,宝马,15043,1,20230112
2021,8,11,大众,14915,1,20230112
2021,8,90,特斯拉,13007,1,20230112
2021,8,693,理想,9394,1,20230112
2021,8,20,江淮,9170,1,20230112
2021,8,352,小鹏汽车,6945,1,20230112
2021,8,332,蔚来汽车,6476,1,20230112
2021,8,312,合众汽车,6038,2,20230112
2021,8,653,零跑汽车,4777,2,20230112
2021,8,40,塔塔,3794,2,20230112
2021,8,412,威马,3144,2,20230112
2021,8,22,江铃,3049,2,20230112
2021,8,12,福汽,2234,2,20230112
2021,8,33,斯巴鲁,1372,2,20230112
2021,8,933,雷丁汽车,1076,2,20230112
2021,8,23,克莱斯勒,1018,2,20230112
2021,8,15,菲亚特,800,2,20230112
2021,8,1093,吉麦汽车,776,2,20230112
2021,8,14,福特,758,2,20230112
2021,8,633,金康,642,2,20230112
2021,8,18,海马,587,2,20230112
2021,8,50,中国重汽,520,2,20230112
2021,8,953,华人运通,469,2,20230112
2021,8,121,四川汽车,287,2,20230112
2021,8,232,御捷,134,2,20230112
2021,8,753,爱驰汽车,134,2,20230112
2021,8,833,国机智骏,123,2,20230112
2021,8,1073,开沃汽车,115,3,20230112
2021,8,292,天际汽车,113,3,20230112
2021,8,43,现代,83,3,20230112
2021,8,112,Prodrive,72,3,20230112
2021,8,32,日产,65,3,20230112
2021,8,1013,大运汽车,49,3,20230112
2021,8,533,大乘汽车,44,3,20230112
2021,8,1113,宝能,28,3,20230112
2021,8,110,迈凯伦,19,3,20230112
2021,8,130,汉腾汽车,15,3,20230112
2021,8,45,众泰,9,3,20230112
2021,8,593,湖南恒润,7,3,20230112
2021,8,38,三菱,4,3,20230112
2021,8,8,长丰,3,3,20230112
2021,8,513,新特汽车,2,3,20230112
2021,8,111,宝腾,1,3,20230112
2021,9,39,上汽,371330,1,20230112
2021,9,9,东风,205821,1,20230112
2021,9,44,一汽,196663,1,20230112
2021,9,16,广汽,161832,1,20230112
2021,9,6,长安,137359,1,20230112
2021,9,21,吉利,126167,1,20230112
2021,9,7,长城,78571,1,20230112
2021,9,3,北汽,77405,1,20230112
2021,9,5,比亚迪,76185,1,20230112
2021,9,31,奇瑞,59792,1,20230112
2021,9,90,特斯拉,52058,1,20230112
2021,9,17,华晨,50132,1,20230112
2021,9,2,宝马,17248,1,20230112
2021,9,11,大众,16788,1,20230112
2021,9,13,丰田,16483,1,20230112
2021,9,10,戴姆勒,16022,1,20230112
2021,9,20,江淮,10674,1,20230112
2021,9,332,蔚来汽车,10423,1,20230112
2021,9,352,小鹏汽车,10401,1,20230112
2021,9,693,理想,7329,1,20230112
2021,9,312,合众汽车,7021,2,20230112
2021,9,40,塔塔,4190,2,20230112
2021,9,22,江铃,4044,2,20230112
2021,9,653,零跑汽车,3791,2,20230112
2021,9,412,威马,3158,2,20230112
2021,9,12,福汽,2925,2,20230112
2021,9,933,雷丁汽车,1817,2,20230112
2021,9,33,斯巴鲁,1574,2,20230112
2021,9,23,克莱斯勒,1285,2,20230112
2021,9,633,金康,1117,2,20230112
2021,9,1093,吉麦汽车,1045,2,20230112
2021,9,15,菲亚特,949,2,20230112
2021,9,14,福特,760,2,20230112
2021,9,50,中国重汽,691,2,20230112
2021,9,953,华人运通,641,2,20230112
2021,9,18,海马,525,2,20230112
2021,9,121,四川汽车,384,2,20230112
2021,9,232,御捷,374,2,20230112
2021,9,1073,开沃汽车,227,2,20230112
2021,9,753,爱驰汽车,158,2,20230112
2021,9,1013,大运汽车,131,3,20230112
2021,9,32,日产,117,3,20230112
2021,9,833,国机智骏,117,3,20230112
2021,9,43,现代,111,3,20230112
2021,9,112,Prodrive,87,3,20230112
2021,9,292,天际汽车,74,3,20230112
2021,9,1113,宝能,52,3,20230112
2021,9,45,众泰,30,3,20230112
2021,9,110,迈凯伦,14,3,20230112
2021,9,130,汉腾汽车,9,3,20230112
2021,9,593,湖南恒润,9,3,20230112
2021,9,513,新特汽车,4,3,20230112
2021,9,533,大乘汽车,4,3,20230112
2021,9,38,三菱,3,3,20230112
2021,9,8,长丰,1,3,20230112
2021,9,111,宝腾,1,3,20230112
2021,9,993,乐唯电动汽车,1,3,20230112
2021,10,39,上汽,369535,1,20230112
2021,10,44,一汽,213472,1,20230112
2021,10,9,东风,206751,1,20230112
2021,10,16,广汽,172741,1,20230112
2021,10,6,长安,132071,1,20230112
2021,10,21,吉利,121637,1,20230112
2021,10,5,比亚迪,80955,1,20230112
2021,10,7,长城,79143,1,20230112
2021,10,3,北汽,75503,1,20230112
2021,10,31,奇瑞,60834,1,20230112
2021,10,17,华晨,49494,1,20230112
2021,10,2,宝马,14370,1,20230112
2021,10,90,特斯拉,13845,1,20230112
2021,10,10,戴姆勒,12108,1,20230112
2021,10,11,大众,12052,1,20230112
2021,10,20,江淮,11706,1,20230112
2021,10,13,丰田,10292,1,20230112
2021,10,352,小鹏汽车,10287,1,20230112
2021,10,693,理想,7700,1,20230112
2021,10,312,合众汽车,7481,1,20230112
2021,10,332,蔚来汽车,3923,2,20230112
2021,10,22,江铃,3861,2,20230112
2021,10,653,零跑汽车,3623,2,20230112
2021,10,412,威马,3297,2,20230112
2021,10,40,塔塔,2990,2,20230112
2021,10,12,福汽,2971,2,20230112
2021,10,933,雷丁汽车,2625,2,20230112
2021,10,633,金康,1936,2,20230112
2021,10,1093,吉麦汽车,1483,2,20230112
2021,10,33,斯巴鲁,1348,2,20230112
2021,10,23,克莱斯勒,1060,2,20230112
2021,10,232,御捷,834,2,20230112
2021,10,15,菲亚特,798,2,20230112
2021,10,50,中国重汽,528,2,20230112
2021,10,14,福特,512,2,20230112
2021,10,953,华人运通,504,2,20230112
2021,10,121,四川汽车,434,2,20230112
2021,10,18,海马,432,2,20230112
2021,10,513,新特汽车,248,2,20230112
2021,10,1073,开沃汽车,167,2,20230112
2021,10,1013,大运汽车,100,3,20230112
2021,10,753,爱驰汽车,99,3,20230112
2021,10,43,现代,74,3,20230112
2021,10,32,日产,63,3,20230112
2021,10,112,Prodrive,62,3,20230112
2021,10,292,天际汽车,58,3,20230112
2021,10,1113,宝能,43,3,20230112
2021,10,833,国机智骏,39,3,20230112
2021,10,110,迈凯伦,13,3,20230112
2021,10,130,汉腾汽车,9,3,20230112
2021,10,45,众泰,8,3,20230112
2021,10,210,九龙汽车,4,3,20230112
2021,10,593,湖南恒润,4,3,20230112
2021,10,38,三菱,3,3,20230112
2021,10,8,长丰,2,3,20230112
2021,10,24,力帆,1,3,20230112
2021,10,111,宝腾,1,3,20230112
2021,10,533,大乘汽车,1,3,20230112
2021,10,893,速达电动车,1,3,20230112
2021,11,39,上汽,344604,1,20230112
2021,11,44,一汽,230983,1,20230112
2021,11,9,东风,200742,1,20230112
2021,11,16,广汽,189925,1,20230112
2021,11,6,长安,135003,1,20230112
2021,11,21,吉利,119306,1,20230112
2021,11,5,比亚迪,97228,1,20230112
2021,11,3,北汽,82104,1,20230112
2021,11,7,长城,80069,1,20230112
2021,11,31,奇瑞,61082,1,20230112
2021,11,17,华晨,52271,1,20230112
2021,11,90,特斯拉,32169,1,20230112
2021,11,352,小鹏汽车,14921,1,20230112
2021,11,13,丰田,14865,1,20230112
2021,11,2,宝马,14356,1,20230112
2021,11,693,理想,13438,1,20230112
2021,11,11,大众,13180,1,20230112
2021,11,20,江淮,12592,1,20230112
2021,11,10,戴姆勒,12441,1,20230112
2021,11,332,蔚来汽车,10407,1,20230112
2021,11,312,合众汽车,9541,2,20230112
2021,11,653,零跑汽车,5168,2,20230112
2021,11,412,威马,4191,2,20230112
2021,11,22,江铃,3696,2,20230112
2021,11,933,雷丁汽车,3598,2,20230112
2021,11,40,塔塔,3506,2,20230112
2021,11,12,福汽,3068,2,20230112
2021,11,1093,吉麦汽车,1661,2,20230112
2021,11,633,金康,1422,2,20230112
2021,11,232,御捷,1244,2,20230112
2021,11,23,克莱斯勒,1100,2,20230112
2021,11,33,斯巴鲁,981,2,20230112
2021,11,953,华人运通,763,2,20230112
2021,11,15,菲亚特,745,2,20230112
2021,11,18,海马,678,2,20230112
2021,11,24,力帆,642,2,20230112
2021,11,50,中国重汽,561,2,20230112
2021,11,14,福特,472,2,20230112
2021,11,121,四川汽车,346,2,20230112
2021,11,1073,开沃汽车,291,2,20230112
2021,11,1013,大运汽车,255,3,20230112
2021,11,43,现代,179,3,20230112
2021,11,292,天际汽车,163,3,20230112
2021,11,32,日产,100,3,20230112
2021,11,513,新特汽车,91,3,20230112
2021,11,753,爱驰汽车,89,3,20230112
2021,11,112,Prodrive,75,3,20230112
2021,11,833,国机智骏,55,3,20230112
2021,11,1113,宝能,50,3,20230112
2021,11,110,迈凯伦,22,3,20230112
2021,11,593,湖南恒润,16,3,20230112
2021,11,893,速达电动车,13,3,20230112
2021,11,45,众泰,9,3,20230112
2021,11,130,汉腾汽车,5,3,20230112
2021,11,111,宝腾,4,3,20230112
2021,11,38,三菱,3,3,20230112
2021,11,210,九龙汽车,2,3,20230112
2021,11,533,大乘汽车,2,3,20230112
2021,11,1033,比德文汽车,1,3,20230112
2021,12,39,上汽,440466,1,20230112
2021,12,44,一汽,303471,1,20230112
2021,12,9,东风,275435,1,20230112
2021,12,16,广汽,246931,1,20230112
2021,12,6,长安,169359,1,20230112
2021,12,21,吉利,162980,1,20230112
2021,12,7,长城,114910,1,20230112
2021,12,5,比亚迪,107605,1,20230112
2021,12,3,北汽,96595,1,20230112
2021,12,31,奇瑞,72222,1,20230112
2021,12,90,特斯拉,70221,1,20230112
2021,12,17,华晨,46869,1,20230112
2021,12,13,丰田,21251,1,20230112
2021,12,11,大众,18674,1,20230112
2021,12,352,小鹏汽车,16357,1,20230112
2021,12,693,理想,14112,1,20230112
2021,12,2,宝马,13723,1,20230112
2021,12,10,戴姆勒,13098,1,20230112
2021,12,20,江淮,12452,1,20230112
2021,12,312,合众汽车,11415,1,20230112
2021,12,332,蔚来汽车,10482,2,20230112
2021,12,653,零跑汽车,8453,2,20230112
2021,12,22,江铃,5005,2,20230112
2021,12,412,威马,4316,2,20230112
2021,12,40,塔塔,4154,2,20230112
2021,12,12,福汽,3509,2,20230112
2021,12,933,雷丁汽车,3106,2,20230112
2021,12,633,金康,1755,2,20230112
2021,12,1093,吉麦汽车,1550,2,20230112
2021,12,23,克莱斯勒,1540,2,20230112
2021,12,33,斯巴鲁,1239,2,20230112
2021,12,232,御捷,1164,2,20230112
2021,12,15,菲亚特,1097,2,20230112
2021,12,953,华人运通,919,2,20230112
2021,12,513,新特汽车,864,2,20230112
2021,12,24,力帆,850,2,20230112
2021,12,18,海马,842,2,20230112
2021,12,50,中国重汽,675,2,20230112
2021,12,14,福特,499,2,20230112
2021,12,292,天际汽车,397,2,20230112
2021,12,1013,大运汽车,391,3,20230112
2021,12,1073,开沃汽车,377,3,20230112
2021,12,121,四川汽车,344,3,20230112
2021,12,43,现代,281,3,20230112
2021,12,32,日产,250,3,20230112
2021,12,833,国机智骏,201,3,20230112
2021,12,112,Prodrive,123,3,20230112
2021,12,1113,宝能,60,3,20230112
2021,12,753,爱驰汽车,59,3,20230112
2021,12,130,汉腾汽车,39,3,20230112
2021,12,593,湖南恒润,35,3,20230112
2021,12,45,众泰,24,3,20230112
2021,12,110,迈凯伦,21,3,20230112
2021,12,8,长丰,6,3,20230112
2021,12,111,宝腾,6,3,20230112
2021,12,38,三菱,3,3,20230112
2021,12,210,九龙汽车,1,3,20230112
2021,12,392,长城华冠,1,3,20230112
2021,12,533,大乘汽车,1,3,20230112
2022,1,39,上汽,438402,1,20230112
2022,1,44,一汽,303366,1,20230112
2022,1,9,东风,258907,1,20230112
2022,1,16,广汽,233110,1,20230112
2022,1,6,长安,192893,1,20230112
2022,1,21,吉利,171966,1,20230112
2022,1,3,北汽,119941,1,20230112
2022,1,7,长城,112727,1,20230112
2022,1,17,华晨,93266,1,20230112
2022,1,5,比亚迪,86008,1,20230112
2022,1,31,奇瑞,78178,1,20230112
2022,1,13,丰田,21521,1,20230112
2022,1,2,宝马,21018,1,20230112
2022,1,10,梅赛德斯-奔驰,20632,1,20230112
2022,1,90,特斯拉,19610,1,20230112
2022,1,11,大众,14921,1,20230112
2022,1,352,小鹏汽车,13004,1,20230112
2022,1,693,理想,12426,1,20230112
2022,1,332,蔚来汽车,10178,1,20230112
2022,1,312,合众汽车,9714,1,20230112
2022,1,20,江淮,8087,2,20230112
2022,1,653,零跑汽车,7435,2,20230112
2022,1,22,江铃,4478,2,20230112
2022,1,40,塔塔,4382,2,20230112
2022,1,12,福汽,3555,2,20230112
2022,1,412,威马,2685,2,20230112
2022,1,933,雷丁汽车,1945,2,20230112
2022,1,1093,吉麦汽车,1397,2,20230112
2022,1,23,克莱斯勒,1276,2,20230112
2022,1,24,力帆,1130,2,20230112
2022,1,232,御捷,1062,2,20230112
2022,1,33,斯巴鲁,995,2,20230112
2022,1,18,海马,978,2,20230112
2022,1,50,中国重汽,897,2,20230112
2022,1,15,菲亚特,707,2,20230112
2022,1,953,华人运通,550,2,20230112
2022,1,121,四川汽车,480,2,20230112
2022,1,292,天际汽车,475,2,20230112
2022,1,1073,开沃汽车,465,2,20230112
2022,1,14,福特,463,2,20230112
2022,1,32,日产,410,3,20230112
2022,1,1013,大运汽车,311,3,20230112
2022,1,43,现代,229,3,20230112
2022,1,112,Prodrive,120,3,20230112
2022,1,513,新特汽车,119,3,20230112
2022,1,633,金康,112,3,20230112
2022,1,753,爱驰汽车,57,3,20230112
2022,1,1113,宝能,53,3,20230112
2022,1,110,迈凯伦,25,3,20230112
2022,1,130,汉腾汽车,22,3,20230112
2022,1,833,国机智骏,15,3,20230112
2022,1,593,湖南恒润,13,3,20230112
2022,1,45,众泰,6,3,20230112
2022,1,8,长丰,3,3,20230112
2022,1,38,三菱,3,3,20230112
2022,1,111,宝腾,1,3,20230112
2022,1,210,九龙汽车,1,3,20230112
2022,1,392,长城华冠,1,3,20230112
2022,1,533,大乘汽车,1,3,20230112
2022,2,39,上汽,244460,1,20230112
2022,2,44,一汽,163325,1,20230112
2022,2,9,东风,131153,1,20230112
2022,2,16,广汽,117769,1,20230112
2022,2,6,长安,82333,1,20230112
2022,2,21,吉利,78827,1,20230112
2022,2,5,比亚迪,70092,1,20230112
2022,2,3,北汽,51625,1,20230112
2022,2,7,长城,51606,1,20230112
2022,2,17,华晨,35890,1,20230112
2022,2,31,奇瑞,35597,1,20230112
2022,2,90,特斯拉,24197,1,20230112
2022,2,13,丰田,14274,1,20230112
2022,2,10,梅赛德斯-奔驰,8627,1,20230112
2022,2,693,理想,8370,1,20230112
2022,2,2,宝马,8300,1,20230112
2022,2,11,大众,6912,1,20230112
2022,2,312,合众汽车,6467,1,20230112
2022,2,352,小鹏汽车,6157,1,20230112
2022,2,332,蔚来汽车,5664,1,20230112
2022,2,20,江淮,4923,2,20230112
2022,2,653,零跑汽车,3457,2,20230112
2022,2,412,威马,3311,2,20230112
2022,2,40,塔塔,2008,2,20230112
2022,2,22,江铃,1897,2,20230112
2022,2,12,福汽,1820,2,20230112
2022,2,1093,吉麦汽车,1385,2,20230112
2022,2,933,雷丁汽车,1244,2,20230112
2022,2,232,御捷,896,2,20230112
2022,2,633,金康,882,2,20230112
2022,2,33,斯巴鲁,637,2,20230112
2022,2,23,克莱斯勒,545,2,20230112
2022,2,18,海马,505,2,20230112
2022,2,24,力帆,465,2,20230112
2022,2,953,华人运通,355,2,20230112
2022,2,15,菲亚特,338,2,20230112
2022,2,50,中国重汽,332,2,20230112
2022,2,292,天际汽车,258,2,20230112
2022,2,513,新特汽车,188,2,20230112
2022,2,1073,开沃汽车,188,2,20230112
2022,2,14,福特,182,3,20230112
2022,2,1013,大运汽车,138,3,20230112
2022,2,121,四川汽车,124,3,20230112
2022,2,43,现代,106,3,20230112
2022,2,32,日产,98,3,20230112
2022,2,112,Prodrive,51,3,20230112
2022,2,1113,宝能,42,3,20230112
2022,2,593,湖南恒润,12,3,20230112
2022,2,110,迈凯伦,11,3,20230112
2022,2,753,爱驰汽车,7,3,20230112
2022,2,38,三菱,3,3,20230112
2022,2,8,长丰,1,3,20230112
2022,2,45,众泰,1,3,20230112
2022,2,111,宝腾,1,3,20230112
2022,2,130,汉腾汽车,1,3,20230112
2022,3,39,上汽,268206,1,20230112
2022,3,44,一汽,199886,1,20230112
2022,3,16,广汽,168023,1,20230112
2022,3,9,东风,154214,1,20230112
2022,3,5,比亚迪,107236,1,20230112
2022,3,6,长安,88868,1,20230112
2022,3,21,吉利,84221,1,20230112
2022,3,3,北汽,66809,1,20230112
2022,3,90,特斯拉,65086,1,20230112
2022,3,7,长城,54035,1,20230112
2022,3,31,奇瑞,46969,1,20230112
2022,3,17,华晨,44628,1,20230112
2022,3,13,丰田,19188,1,20230112
2022,3,352,小鹏汽车,15484,1,20230112
2022,3,10,梅赛德斯-奔驰,14188,1,20230112
2022,3,11,大众,13024,1,20230112
2022,3,2,宝马,11377,1,20230112
2022,3,693,理想,11077,1,20230112
2022,3,312,合众汽车,10596,1,20230112
2022,3,332,蔚来汽车,9829,1,20230112
2022,3,653,零跑汽车,7747,2,20230112
2022,3,20,江淮,7547,2,20230112
2022,3,412,威马,5516,2,20230112
2022,3,40,塔塔,3247,2,20230112
2022,3,633,金康,2947,2,20230112
2022,3,12,福汽,2794,2,20230112
2022,3,22,江铃,2648,2,20230112
2022,3,1093,吉麦汽车,1995,2,20230112
2022,3,232,御捷,1403,2,20230112
2022,3,933,雷丁汽车,1139,2,20230112
2022,3,292,天际汽车,1071,2,20230112
2022,3,33,斯巴鲁,915,2,20230112
2022,3,513,新特汽车,845,2,20230112
2022,3,23,克莱斯勒,708,2,20230112
2022,3,18,海马,655,2,20230112
2022,3,1073,开沃汽车,519,2,20230112
2022,3,15,菲亚特,503,2,20230112
2022,3,953,华人运通,459,2,20230112
2022,3,1013,大运汽车,365,2,20230112
2022,3,50,中国重汽,296,2,20230112
2022,3,24,力帆,293,3,20230112
2022,3,14,福特,246,3,20230112
2022,3,43,现代,179,3,20230112
2022,3,32,日产,112,3,20230112
2022,3,121,四川汽车,102,3,20230112
2022,3,753,爱驰汽车,48,3,20230112
2022,3,112,Prodrive,42,3,20230112
2022,3,1113,宝能,38,3,20230112
2022,3,593,湖南恒润,28,3,20230112
2022,3,110,迈凯伦,9,3,20230112
2022,3,111,宝腾,7,3,20230112
2022,3,8,长丰,5,3,20230112
2022,3,38,三菱,3,3,20230112
2022,3,45,众泰,3,3,20230112
2022,3,893,速达电动车,2,3,20230112
2022,3,210,九龙汽车,1,3,20230112
2022,3,392,长城华冠,1,3,20230112
2022,4,39,上汽,166191,1,20230112
2022,4,16,广汽,132870,1,20230112
2022,4,44,一汽,127804,1,20230112
2022,4,9,东风,113993,1,20230112
2022,4,5,比亚迪,90391,1,20230112
2022,4,6,长安,72211,1,20230112
2022,4,21,吉利,59625,1,20230112
2022,4,3,北汽,51425,1,20230112
2022,4,7,长城,35350,1,20230112
2022,4,17,华晨,32941,1,20230112
2022,4,31,奇瑞,32421,1,20230112
2022,4,13,丰田,11982,1,20230112
2022,4,10,梅赛德斯-奔驰,10063,1,20230112
2022,4,11,大众,9241,1,20230112
2022,4,312,合众汽车,9004,1,20230112
2022,4,352,小鹏汽车,8890,1,20230112
2022,4,2,宝马,8418,1,20230112
2022,4,653,零跑汽车,8232,1,20230112
2022,4,332,蔚来汽车,5310,1,20230112
2022,4,20,江淮,4469,1,20230112
2022,4,693,理想,4206,2,20230112
2022,4,412,威马,3309,2,20230112
2022,4,633,金康,3020,2,20230112
2022,4,22,江铃,2761,2,20230112
2022,4,40,塔塔,2645,2,20230112
2022,4,12,福汽,1835,2,20230112
2022,4,90,特斯拉,1733,2,20230112
2022,4,1093,吉麦汽车,1387,2,20230112
2022,4,232,御捷,1250,2,20230112
2022,4,33,斯巴鲁,701,2,20230112
2022,4,23,克莱斯勒,662,2,20230112
2022,4,933,雷丁汽车,575,2,20230112
2022,4,513,新特汽车,433,2,20230112
2022,4,1013,大运汽车,421,2,20230112
2022,4,1073,开沃汽车,400,2,20230112
2022,4,953,华人运通,316,2,20230112
2022,4,292,天际汽车,298,2,20230112
2022,4,15,菲亚特,234,2,20230112
2022,4,50,中国重汽,229,2,20230112
2022,4,18,海马,219,2,20230112
2022,4,14,福特,198,3,20230112
2022,4,24,力帆,160,3,20230112
2022,4,121,四川汽车,52,3,20230112
2022,4,32,日产,46,3,20230112
2022,4,112,Prodrive,35,3,20230112
2022,4,43,现代,30,3,20230112
2022,4,593,湖南恒润,28,3,20230112
2022,4,1113,宝能,28,3,20230112
2022,4,753,爱驰汽车,16,3,20230112
2022,4,38,三菱,3,3,20230112
2022,4,110,迈凯伦,3,3,20230112
2022,4,210,九龙汽车,2,3,20230112
2022,4,45,众泰,1,3,20230112
2022,4,392,长城华冠,1,3,20230112
2022,4,893,速达电动车,1,3,20230112
2022,5,39,上汽,213355,1,20230112
2022,5,44,一汽,192834,1,20230112
2022,5,16,广汽,165319,1,20230112
2022,5,9,东风,141257,1,20230112
2022,5,5,比亚迪,103158,1,20230112
2022,5,6,长安,97625,1,20230112
2022,5,21,吉利,81100,1,20230112
2022,5,3,北汽,57353,1,20230112
2022,5,17,华晨,54359,1,20230112
2022,5,7,长城,46371,1,20230112
2022,5,31,奇瑞,44881,1,20230112
2022,5,13,丰田,15817,1,20230112
2022,5,11,大众,12082,1,20230112
2022,5,10,梅赛德斯-奔驰,11833,1,20230112
2022,5,693,理想,11596,1,20230112
2022,5,312,合众汽车,10441,1,20230112
2022,5,90,特斯拉,10330,1,20230112
2022,5,352,小鹏汽车,9937,1,20230112
2022,5,2,宝马,8602,1,20230112
2022,5,653,零跑汽车,8366,1,20230112
2022,5,332,蔚来汽车,6513,2,20230112
2022,5,20,江淮,5283,2,20230112
2022,5,633,金康,4439,2,20230112
2022,5,22,江铃,3556,2,20230112
2022,5,412,威马,3240,2,20230112
2022,5,40,塔塔,2489,2,20230112
2022,5,1093,吉麦汽车,1827,2,20230112
2022,5,12,福汽,1805,2,20230112
2022,5,232,御捷,1221,2,20230112
2022,5,23,克莱斯勒,954,2,20230112
2022,5,33,斯巴鲁,890,2,20230112
2022,5,513,新特汽车,593,2,20230112
2022,5,1013,大运汽车,511,2,20230112
2022,5,933,雷丁汽车,439,2,20230112
2022,5,953,华人运通,369,2,20230112
2022,5,15,菲亚特,366,2,20230112
2022,5,1073,开沃汽车,356,2,20230112
2022,5,292,天际汽车,342,2,20230112
2022,5,18,海马,292,2,20230112
2022,5,24,力帆,285,2,20230112
2022,5,50,中国重汽,204,3,20230112
2022,5,14,福特,188,3,20230112
2022,5,121,四川汽车,74,3,20230112
2022,5,112,Prodrive,61,3,20230112
2022,5,1113,宝能,53,3,20230112
2022,5,593,湖南恒润,31,3,20230112
2022,5,753,爱驰汽车,27,3,20230112
2022,5,32,日产,20,3,20230112
2022,5,43,现代,19,3,20230112
2022,5,110,迈凯伦,8,3,20230112
2022,5,8,长丰,5,3,20230112
2022,5,38,三菱,3,3,20230112
2022,5,45,众泰,2,3,20230112
2022,5,392,长城华冠,2,3,20230112
2022,5,533,大乘汽车,1,3,20230112
2022,5,993,乐唯电动汽车,1,3,20230112
2022,6,39,上汽,328596,1,20230112
2022,6,44,一汽,292993,1,20230112
2022,6,16,广汽,237772,1,20230112
2022,6,9,东风,201133,1,20230112
2022,6,5,比亚迪,131142,1,20230112
2022,6,6,长安,130885,1,20230112
2022,6,21,吉利,116056,1,20230112
2022,6,3,北汽,84656,1,20230112
2022,6,90,特斯拉,77253,1,20230112
2022,6,17,华晨,63122,1,20230112
2022,6,7,长城,61176,1,20230112
2022,6,31,奇瑞,59311,1,20230112
2022,6,13,丰田,18460,1,20230112
2022,6,11,大众,16697,1,20230112
2022,6,352,小鹏汽车,15352,1,20230112
2022,6,10,梅赛德斯-奔驰,15049,1,20230112
2022,6,693,理想,13149,1,20230112
2022,6,2,宝马,12682,1,20230112
2022,6,312,合众汽车,12667,1,20230112
2022,6,332,蔚来汽车,11991,1,20230112
2022,6,653,零跑汽车,10940,2,20230112
2022,6,20,江淮,8095,2,20230112
2022,6,633,金康,5634,2,20230112
2022,6,22,江铃,5357,2,20230112
2022,6,412,威马,3677,2,20230112
2022,6,40,塔塔,2806,2,20230112
2022,6,12,福汽,2617,2,20230112
2022,6,1093,吉麦汽车,2023,2,20230112
2022,6,33,斯巴鲁,1488,2,20230112
2022,6,232,御捷,1075,2,20230112
2022,6,23,克莱斯勒,914,2,20230112
2022,6,15,菲亚特,690,2,20230112
2022,6,1013,大运汽车,650,2,20230112
2022,6,513,新特汽车,637,2,20230112
2022,6,1073,开沃汽车,554,2,20230112
2022,6,953,华人运通,535,2,20230112
2022,6,292,天际汽车,521,2,20230112
2022,6,933,雷丁汽车,466,2,20230112
2022,6,50,中国重汽,313,2,20230112
2022,6,14,福特,304,2,20230112
2022,6,18,海马,299,3,20230112
2022,6,24,力帆,189,3,20230112
2022,6,753,爱驰汽车,112,3,20230112
2022,6,43,现代,89,3,20230112
2022,6,112,Prodrive,85,3,20230112
2022,6,121,四川汽车,75,3,20230112
2022,6,1113,宝能,54,3,20230112
2022,6,593,湖南恒润,44,3,20230112
2022,6,110,迈凯伦,19,3,20230112
2022,6,32,日产,12,3,20230112
2022,6,38,三菱,3,3,20230112
2022,6,8,长丰,2,3,20230112
2022,6,130,汉腾汽车,2,3,20230112
2022,6,45,众泰,1,3,20230112
2022,6,893,速达电动车,1,3,20230112
2022,7,39,上汽,328587,1,20230112
2022,7,44,一汽,267871,1,20230112
2022,7,16,广汽,205098,1,20230112
2022,7,9,东风,196429,1,20230112
2022,7,5,比亚迪,139584,1,20230112
2022,7,6,长安,131729,1,20230112
2022,7,21,吉利,106569,1,20230112
2022,7,3,北汽,85349,1,20230112
2022,7,7,长城,62369,1,20230112
2022,7,17,华晨,59933,1,20230112
2022,7,31,奇瑞,54320,1,20230112
2022,7,13,丰田,21867,1,20230112
2022,7,11,大众,16066,1,20230112
2022,7,10,梅赛德斯-奔驰,15494,1,20230112
2022,7,2,宝马,11709,1,20230112
2022,7,352,小鹏汽车,11603,1,20230112
2022,7,312,合众汽车,11464,1,20230112
2022,7,693,理想,11059,1,20230112
2022,7,653,零跑汽车,10914,1,20230112
2022,7,332,蔚来汽车,10282,1,20230112
2022,7,90,特斯拉,8930,2,20230112
2022,7,20,江淮,7613,2,20230112
2022,7,633,金康,6543,2,20230112
2022,7,22,江铃,4777,2,20230112
2022,7,412,威马,3766,2,20230112
2022,7,40,塔塔,3724,2,20230112
2022,7,12,福汽,3243,2,20230112
2022,7,1093,吉麦汽车,1708,2,20230112
2022,7,33,斯巴鲁,1247,2,20230112
2022,7,23,克莱斯勒,1107,2,20230112
2022,7,232,御捷,896,2,20230112
2022,7,1013,大运汽车,642,2,20230112
2022,7,24,力帆,635,2,20230112
2022,7,292,天际汽车,621,2,20230112
2022,7,15,菲亚特,577,2,20230112
2022,7,1073,开沃汽车,548,2,20230112
2022,7,953,华人运通,526,2,20230112
2022,7,513,新特汽车,459,2,20230112
2022,7,50,中国重汽,348,2,20230112
2022,7,933,雷丁汽车,328,2,20230112
2022,7,14,福特,296,3,20230112
2022,7,18,海马,170,3,20230112
2022,7,43,现代,124,3,20230112
2022,7,753,爱驰汽车,112,3,20230112
2022,7,112,Prodrive,90,3,20230112
2022,7,121,四川汽车,75,3,20230112
2022,7,1113,宝能,62,3,20230112
2022,7,593,湖南恒润,18,3,20230112
2022,7,110,迈凯伦,17,3,20230112
2022,7,32,日产,6,3,20230112
2022,7,833,国机智骏,5,3,20230112
2022,7,38,三菱,3,3,20230112
2022,7,45,众泰,3,3,20230112
2022,7,210,九龙汽车,2,3,20230112
2022,7,893,速达电动车,2,3,20230112
2022,7,130,汉腾汽车,1,3,20230112
2022,8,39,上汽,329817,1,20230112
2022,8,44,一汽,285268,1,20230112
2022,8,16,广汽,211661,1,20230112
2022,8,9,东风,203210,1,20230112
2022,8,5,比亚迪,156447,1,20230112
2022,8,6,长安,140408,1,20230112
2022,8,21,吉利,125120,1,20230112
2022,8,3,北汽,87907,1,20230112
2022,8,7,长城,58849,1,20230112
2022,8,17,华晨,58399,1,20230112
2022,8,31,奇瑞,54675,1,20230112
2022,8,90,特斯拉,35638,1,20230112
2022,8,13,丰田,21240,1,20230112
2022,8,10,梅赛德斯-奔驰,15573,1,20230112
2022,8,11,大众,15465,1,20230112
2022,8,2,宝马,12756,1,20230112
2022,8,312,合众汽车,11760,1,20230112
2022,8,332,蔚来汽车,10570,1,20230112
2022,8,653,零跑汽车,10389,1,20230112
2022,8,352,小鹏汽车,9535,1,20230112
2022,8,20,江淮,7930,2,20230112
2022,8,633,金康,7695,2,20230112
2022,8,693,理想,4698,2,20230112
2022,8,22,江铃,4043,2,20230112
2022,8,412,威马,3636,2,20230112
2022,8,40,塔塔,3594,2,20230112
2022,8,12,福汽,3369,2,20230112
2022,8,1093,吉麦汽车,1548,2,20230112
2022,8,23,克莱斯勒,1514,2,20230112
2022,8,24,力帆,1454,2,20230112
2022,8,513,新特汽车,1298,2,20230112
2022,8,33,斯巴鲁,1232,2,20230112
2022,8,1013,大运汽车,829,2,20230112
2022,8,232,御捷,673,2,20230112
2022,8,15,菲亚特,654,2,20230112
2022,8,292,天际汽车,508,2,20230112
2022,8,1073,开沃汽车,439,2,20230112
2022,8,953,华人运通,402,2,20230112
2022,8,14,福特,375,2,20230112
2022,8,933,雷丁汽车,367,2,20230112
2022,8,50,中国重汽,289,3,20230112
2022,8,43,现代,252,3,20230112
2022,8,753,爱驰汽车,124,3,20230112
2022,8,25,铃木,105,3,20230112
2022,8,18,海马,84,3,20230112
2022,8,112,Prodrive,66,3,20230112
2022,8,121,四川汽车,51,3,20230112
2022,8,1113,宝能,38,3,20230112
2022,8,593,湖南恒润,37,3,20230112
2022,8,38,三菱,29,3,20230112
2022,8,833,国机智骏,26,3,20230112
2022,8,110,迈凯伦,20,3,20230112
2022,8,41,通用,10,3,20230112
2022,8,32,日产,8,3,20230112
2022,8,210,九龙汽车,5,3,20230112
2022,8,130,汉腾汽车,2,3,20230112
2022,8,893,速达电动车,2,3,20230112
2022,8,8,长丰,1,3,20230112
2022,8,392,长城华冠,1,3,20230112
2022,9,39,上汽,333083,1,20230112
2022,9,44,一汽,268129,1,20230112
2022,9,16,广汽,196558,1,20230112
2022,9,5,比亚迪,166898,1,20230112
2022,9,9,东风,162468,1,20230112
2022,9,6,长安,130650,1,20230112
2022,9,21,吉利,113805,1,20230112
2022,9,3,北汽,86909,1,20230112
2022,9,90,特斯拉,76882,1,20230112
2022,9,17,华晨,67122,1,20230112
2022,9,31,奇瑞,56090,1,20230112
2022,9,7,长城,53902,1,20230112
2022,9,13,丰田,17851,1,20230112
2022,9,312,合众汽车,15495,1,20230112
2022,9,10,梅赛德斯-奔驰,14727,1,20230112
2022,9,2,宝马,13015,1,20230112
2022,9,11,大众,12961,1,20230112
2022,9,693,理想,11579,1,20230112
2022,9,332,蔚来汽车,10812,1,20230112
2022,9,653,零跑汽车,10465,1,20230112
2022,9,633,金康,8653,2,20230112
2022,9,352,小鹏汽车,8416,2,20230112
2022,9,20,江淮,7103,2,20230112
2022,9,22,江铃,4139,2,20230112
2022,9,40,塔塔,3888,2,20230112
2022,9,12,福汽,3175,2,20230112
2022,9,412,威马,2494,2,20230112
2022,9,24,力帆,1897,2,20230112
2022,9,1093,吉麦汽车,1453,2,20230112
2022,9,23,克莱斯勒,1072,2,20230112
2022,9,33,斯巴鲁,1043,2,20230112
2022,9,1013,大运汽车,987,2,20230112
2022,9,15,菲亚特,835,2,20230112
2022,9,232,御捷,577,2,20230112
2022,9,292,天际汽车,473,2,20230112
2022,9,1073,开沃汽车,473,2,20230112
2022,9,14,福特,367,2,20230112
2022,9,43,现代,338,2,20230112
2022,9,513,新特汽车,301,2,20230112
2022,9,953,华人运通,286,2,20230112
2022,9,50,中国重汽,227,3,20230112
2022,9,933,雷丁汽车,179,3,20230112
2022,9,18,海马,136,3,20230112
2022,9,753,爱驰汽车,116,3,20230112
2022,9,25,铃木,96,3,20230112
2022,9,32,日产,91,3,20230112
2022,9,112,Prodrive,75,3,20230112
2022,9,38,三菱,46,3,20230112
2022,9,121,四川汽车,32,3,20230112
2022,9,1113,宝能,29,3,20230112
2022,9,833,国机智骏,22,3,20230112
2022,9,110,迈凯伦,14,3,20230112
2022,9,593,湖南恒润,14,3,20230112
2022,9,41,通用,8,3,20230112
2022,9,893,速达电动车,3,3,20230112
2022,9,45,众泰,2,3,20230112
2022,9,130,汉腾汽车,1,3,20230112
2022,9,210,九龙汽车,1,3,20230112
2022,10,39,上汽,298245,1,20230112
2022,10,44,一汽,230448,1,20230112
2022,10,16,广汽,185516,1,20230112
2022,10,5,比亚迪,160415,1,20230112
2022,10,9,东风,153673,1,20230112
2022,10,6,长安,134685,1,20230112
2022,10,21,吉利,111585,1,20230112
2022,10,3,北汽,77888,1,20230112
2022,10,31,奇瑞,56247,1,20230112
2022,10,7,长城,55869,1,20230112
2022,10,17,华晨,52982,1,20230112
2022,10,90,特斯拉,18281,1,20230112
2022,10,13,丰田,15359,1,20230112
2022,10,10,梅赛德斯-奔驰,11851,1,20230112
2022,10,2,宝马,11468,1,20230112
2022,10,11,大众,10993,1,20230112
2022,10,693,理想,10155,1,20230112
2022,10,312,合众汽车,9832,1,20230112
2022,10,332,蔚来汽车,9806,1,20230112
2022,10,633,金康,9005,1,20230112
2022,10,653,零跑汽车,7236,2,20230112
2022,10,20,江淮,6763,2,20230112
2022,10,352,小鹏汽车,4731,2,20230112
2022,10,40,塔塔,3465,2,20230112
2022,10,22,江铃,3184,2,20230112
2022,10,12,福汽,2515,2,20230112
2022,10,1093,吉麦汽车,1633,2,20230112
2022,10,412,威马,1385,2,20230112
2022,10,24,力帆,998,2,20230112
2022,10,33,斯巴鲁,860,2,20230112
2022,10,15,菲亚特,748,2,20230112
2022,10,23,克莱斯勒,724,2,20230112
2022,10,1013,大运汽车,710,2,20230112
2022,10,232,御捷,529,2,20230112
2022,10,1073,开沃汽车,385,2,20230112
2022,10,43,现代,321,2,20230112
2022,10,292,天际汽车,269,2,20230112
2022,10,953,华人运通,238,2,20230112
2022,10,14,福特,228,2,20230112
2022,10,50,中国重汽,200,2,20230112
2022,10,933,雷丁汽车,197,3,20230112
2022,10,513,新特汽车,133,3,20230112
2022,10,25,铃木,78,3,20230112
2022,10,32,日产,74,3,20230112
2022,10,18,海马,70,3,20230112
2022,10,112,Prodrive,53,3,20230112
2022,10,753,爱驰汽车,42,3,20230112
2022,10,121,四川汽车,31,3,20230112
2022,10,38,三菱,30,3,20230112
2022,10,1113,宝能,30,3,20230112
2022,10,833,国机智骏,24,3,20230112
2022,10,593,湖南恒润,12,3,20230112
2022,10,41,通用,10,3,20230112
2022,10,110,迈凯伦,9,3,20230112
2022,10,392,长城华冠,2,3,20230112
2022,10,893,速达电动车,2,3,20230112
2022,11,39,上汽,259604,1,20230112
2022,11,44,一汽,215943,1,20230112
2022,11,5,比亚迪,177490,1,20230112
2022,11,16,广汽,171195,1,20230112
2022,11,9,东风,126164,1,20230112
2022,11,6,长安,122275,1,20230112
2022,11,21,吉利,115497,1,20230112
2022,11,3,北汽,73064,1,20230112
2022,11,90,特斯拉,62070,1,20230112
2022,11,17,华晨,55357,1,20230112
2022,11,31,奇瑞,51507,1,20230112
2022,11,7,长城,51126,1,20230112
2022,11,312,合众汽车,15885,1,20230112
2022,11,693,理想,15587,1,20230112
2022,11,13,丰田,14954,1,20230112
2022,11,332,蔚来汽车,14153,1,20230112
2022,11,11,大众,12653,1,20230112
2022,11,10,梅赛德斯-奔驰,11872,1,20230112
2022,11,2,宝马,11438,1,20230112
2022,11,633,金康,11066,1,20230112
2022,11,653,零跑汽车,8844,2,20230112
2022,11,20,江淮,5879,2,20230112
2022,11,352,小鹏汽车,5814,2,20230112
2022,11,22,江铃,2695,2,20230112
2022,11,40,塔塔,2554,2,20230112
2022,11,12,福汽,2403,2,20230112
2022,11,1093,吉麦汽车,1127,2,20230112
2022,11,412,威马,1070,2,20230112
2022,11,1013,大运汽车,683,2,20230112
2022,11,33,斯巴鲁,641,2,20230112
2022,11,15,菲亚特,626,2,20230112
2022,11,23,克莱斯勒,582,2,20230112
2022,11,24,力帆,456,2,20230112
2022,11,1073,开沃汽车,406,2,20230112
2022,11,232,御捷,317,2,20230112
2022,11,513,新特汽车,282,2,20230112
2022,11,953,华人运通,260,2,20230112
2022,11,292,天际汽车,252,2,20230112
2022,11,43,现代,238,2,20230112
2022,11,50,中国重汽,202,2,20230112
2022,11,14,福特,201,3,20230112
2022,11,18,海马,139,3,20230112
2022,11,933,雷丁汽车,111,3,20230112
2022,11,753,爱驰汽车,96,3,20230112
2022,11,25,铃木,76,3,20230112
2022,11,32,日产,63,3,20230112
2022,11,38,三菱,46,3,20230112
2022,11,1113,宝能,43,3,20230112
2022,11,112,Prodrive,42,3,20230112
2022,11,121,四川汽车,19,3,20230112
2022,11,41,通用,11,3,20230112
2022,11,593,湖南恒润,11,3,20230112
2022,11,110,迈凯伦,7,3,20230112
2022,11,833,国机智骏,5,3,20230112
2022,11,392,长城华冠,3,3,20230112
2022,11,893,速达电动车,2,3,20230112
2022,11,45,众泰,1,3,20230112
